country,id
Australia - Adelaide,93
Australia - Brisbane,208
Australia - Melbourne,156
Australia - Perth,209
Australia - Sydney,81
Australia - Sydney - 2,162
Australia - Woolloomooloo,219
Bangladesh,192
Bhutan,193
Brunei,194
Cambodia,175
Guam,238
Hong Kong - 1,160
Hong Kong - 2,114
India (via Singapore),63
India (via UK),152
Indonesia,112
Japan - Osaka,80
Japan - Shibuya,57
Japan - Tokyo,224
Japan - Yokohama,223
Kazakhstan,133
Laos,195
Macau,174
Malaysia,111
Mongolia,137
Myanmar,196
Nepal,197
New Zealand,113
Pakistan,198
Philippines,164
Pick for Me,190
Singapore - CBD,107
Singapore - Jurong,154
Singapore - Marina Bay,37
South Korea - 2,58
Sri Lanka,199
Taiwan - 3,108
Thailand,101
Uzbekistan,128
Vietnam,117
Argentina,88
Bahamas,115
Bermuda,243
Bolivia,232
Brazil,91
Brazil - 2,163
Canada - Montreal,45
Canada - Toronto,79
Canada - Toronto - 2,169
Canada - Vancouver,181
Cayman Islands,245
Chile,125
Colombia,131
Costa Rica,100
Cuba,246
Dominican Republic,240
Ecuador,144
Guatemala,141
Honduras,247
Jamaica,241
Mexico,132
Panama,20
Peru,142
Puerto Rico,242
Trinidad and Tobago,244
Uruguay,140
USA - Albuquerque,95
USA - Anchorage,271
USA - Atlanta,19
USA - Baltimore,283
USA - Billings,288
USA - Birmingham,270
USA - Boise,276
USA - Boston,265
USA - Bridgeport,273
USA - Brooklyn,17
USA - Burlington,302
USA - Charleston - South Carolina,299
USA - Charleston - West Virginia,304
USA - Charlotte,292
USA - Cheyenne,306
USA - Chicago,9
USA - Columbus,294
USA - Dallas,18
USA - Denver,172
USA - Des Moines,278
USA - Detroit,284
USA - Fargo,293
USA - Honolulu,275
USA - Houston,165
USA - Indianapolis,277
USA - Jackson,286
USA - Las Vegas,290
USA - Lincoln Park,161
USA - Little Rock,272
USA - Los Angeles - 1,6
USA - Los Angeles - 2,70
USA - Los Angeles - 3,74
USA - Los Angeles - 5,71
USA - Louisville,280
USA - Manchester,291
USA - Miami,54
USA - Miami - 2,202
USA - Milwaukee,305
USA - Minneapolis,285
USA - Nashville,301
USA - New Jersey - 1,26
USA - New Jersey - 2,155
USA - New Jersey - 3,168
USA - New Orleans,281
USA - New York,75
USA - Oklahoma City,295
USA - Omaha,289
USA - Philadelphia,297
USA - Phoenix,94
USA - Portland - Maine,282
USA - Portland - Oregon,296
USA - Providence,298
USA - Salt Lake City,204
USA - San Francisco,1
USA - Santa Monica,207
USA - Seattle,2
USA - Sioux Falls,300
USA - St. Louis,287
USA - Tampa - 1,166
USA - Virginia Beach,303
USA - Washington DC,25
USA - Wichita,279
USA - Wilmington,274
Venezuela,143
Albania,126
Andorra,184
Armenia,185
Austria,21
Azerbaijan,307
Belarus,186
Belgium,85
Bosnia and Herzegovina,147
Bulgaria,110
Croatia,118
Cyprus,124
Czech Republic,56
Denmark,78
Estonia,130
Finland,34
France - Alsace,150
France - Marseille,153
France - Paris - 1,104
France - Paris - 2,8
France - Strasbourg,103
Georgia,136
Germany - Frankfurt - 1,7
Germany - Frankfurt - 3,92
Germany - Nuremberg,210
Greece,102
Hungary,99
Iceland,106
Ireland,33
Isle of Man,129
Italy - Cosenza,182
Italy - Milan,157
Italy - Naples,29
Jersey,188
Latvia,122
Liechtenstein,119
Lithuania,36
Luxembourg,12
Malta,134
Moldova,120
Monaco,187
Montenegro,189
Netherlands - Amsterdam,4
Netherlands - Rotterdam,16
Netherlands - The Hague,212
North Macedonia,146
Norway,96
Poland,32
Portugal,31
Romania,86
Serbia,145
Slovakia,127
Slovenia,121
Spain - Barcelona,211
Spain - Barcelona - 2,35
Spain - Madrid,22
Sweden,23
Sweden - 2,203
Switzerland,11
Switzerland - 2,201
Turkey,89
UK - Docklands,53
UK - East London,178
UK - London,5
UK - Midlands,15
UK - Tottenham,263
UK - Wembley,90
Ukraine,87
Algeria,139
Egypt,84
Ghana,239
Israel,105
Kenya,176
Lebanon,248
Morocco,249
South Africa,109
United Arab Emirates,264
